file	line	signature	status	nim_ref	notes
main.go	84	func (br *DiscordBridge) GetExampleConfig() string {	Implemented	src/bridge/main_compat.nim:getExampleConfig	Embedded sample config text exposed via bridge-compat surface
main.go	88	func (br *DiscordBridge) GetConfigPtr() interface{} {	Implemented	src/bridge/main_compat.nim:getConfigPtr	Bridge-compat returns pointer to in-memory Config
main.go	96	func (br *DiscordBridge) Init() {	Partial	src/bridge/service.nim:initService	Service init wires config, registration, DB, runtime and provisioning
main.go	107	func (br *DiscordBridge) Start() {	Partial	src/bridge/service.nim:run	Runtime start triggers user startup orchestration before appservice loop
main.go	119	func (br *DiscordBridge) Stop() {	Partial	src/bridge/service.nim:close	Runtime stop cancels startup orchestration and closes DB
main.go	130	func (br *DiscordBridge) GetIPortal(mxid id.RoomID) bridge.Portal {	Implemented	src/bridge/main_compat.nim:getIPortal	Portal lookup by MXID routed through runtime portal manager
main.go	138	func (br *DiscordBridge) GetIUser(mxid id.UserID, create bool) bridge.User {	Implemented	src/bridge/main_compat.nim:getIUser	User lookup/create by MXID routed through runtime user manager
main.go	146	func (br *DiscordBridge) IsGhost(mxid id.UserID) bool {	Implemented	src/bridge/main_compat.nim:isGhost	Ghost detection implemented via puppet-MXID template parsing
main.go	151	func (br *DiscordBridge) GetIGhost(mxid id.UserID) bridge.Ghost {	Implemented	src/bridge/main_compat.nim:getIGhost	Ghost resolution parses puppet MXID and returns/create puppet record
main.go	159	func (br *DiscordBridge) CreatePrivatePortal(id id.RoomID, user bridge.User, ghost bridge.Ghost) {	Equivalent-Noop	src/bridge/main_compat.nim:createPrivatePortal	Go baseline function is TODO; Nim keeps explicit no-op parity
main.go	163	func main() {	Implemented	src/mautrix_discord.nim:main	CLI entrypoint supports -g/-c/-r generation and runtime startup
formatter_everyone.go	39	func (n *astDiscordEveryone) Dump(source []byte, level int) {	Implemented	src/msgconv/formatter_everyone.nim:dump	Discord everyone mention AST dump helper implemented
formatter_everyone.go	43	func (n *astDiscordEveryone) Kind() ast.NodeKind {	Implemented	src/msgconv/formatter_everyone.nim:kind	Discord everyone mention node kind implemented
formatter_everyone.go	47	func (n *astDiscordEveryone) String() string {	Implemented	src/msgconv/formatter_everyone.nim:toDiscordString	@everyone/@here stringification implemented
formatter_everyone.go	59	func (s *discordEveryoneParser) Trigger() []byte {	Implemented	src/msgconv/formatter_everyone.nim:trigger	Inline parser trigger byte implemented
formatter_everyone.go	63	func (s *discordEveryoneParser) Parse(parent ast.Node, block text.Reader, pc parser.Context) ast.Node {	Implemented	src/msgconv/formatter_everyone.nim:parse	Parses @everyone and @here mentions from input
formatter_everyone.go	75	func (s *discordEveryoneParser) CloseBlock(parent ast.Node, pc parser.Context) {	Implemented	src/msgconv/formatter_everyone.nim:closeBlock	No-op close-block hook implemented
formatter_everyone.go	81	func (r *discordEveryoneHTMLRenderer) RegisterFuncs(reg renderer.NodeRendererFuncRegisterer) {	Implemented	src/msgconv/formatter_everyone.nim:registerFuncs	Registers renderer function for everyone mention node kind
formatter_everyone.go	85	func (r *discordEveryoneHTMLRenderer) renderDiscordEveryone(w util.BufWriter, source []byte, n ast.Node, entering bool) (status ast.WalkStatus, err error) {	Implemented	src/msgconv/formatter_everyone.nim:renderDiscordEveryone	Renders @everyone/@here as @room span with class parity
formatter_everyone.go	103	func (e *discordEveryone) Extend(m goldmark.Markdown) {	Implemented	src/msgconv/formatter_everyone.nim:extend	Extension priority and registration shim implemented
formatter_test.go	25	func TestEscapeDiscordMarkdown(t *testing.T) {	Implemented	tests/test_formatter.nim	Go markdown escape corpus ported as deterministic Nim unit test
provisioning.go	50	func newProvisioningAPI(br *DiscordBridge) *ProvisioningAPI {	Implemented	src/provisioning/server.nim:newProvisioningApi	Runtime-backed provisioning API with auth and route dispatch
provisioning.go	85	func jsonResponse(w http.ResponseWriter, status int, response interface{}) {	Implemented	src/provisioning/server.nim:jsonResponse	JSON response helper for asynchttpserver requests
provisioning.go	111	func (rw *responseWrap) WriteHeader(statusCode int) {	Equivalent-Noop	src/provisioning/server.nim:handle	net/http ResponseWriter wrapper not required in Nim server
provisioning.go	116	func (rw *responseWrap) Hijack() (net.Conn, *bufio.ReadWriter, error) {	Equivalent-Noop	src/provisioning/ws_qr.nim:acceptWs	WebSocket upgrade uses Request.client directly
provisioning.go	125	func (p *ProvisioningAPI) authMiddleware(h http.Handler) http.Handler {	Implemented	src/provisioning/server.nim:authorized	Bearer + websocket-subprotocol token auth in request handler
provisioning.go	174	func (p *ProvisioningAPI) disconnect(w http.ResponseWriter, r *http.Request) {	Implemented	src/provisioning/server.nim:handleRequest	POST /v1/disconnect updates session and persisted heartbeat state
provisioning.go	213	func (p *ProvisioningAPI) ping(w http.ResponseWriter, r *http.Request) {	Implemented	src/provisioning/server.nim:handleRequest	GET /v1/ping payload includes login/connect and heartbeat fields
provisioning.go	230	func (p *ProvisioningAPI) logout(w http.ResponseWriter, r *http.Request) {	Implemented	src/provisioning/server.nim:handleRequest	POST /v1/logout clears token/session and persists heartbeat state
provisioning.go	242	func (p *ProvisioningAPI) qrLogin(w http.ResponseWriter, r *http.Request) {	Implemented	src/provisioning/server.nim:handleQrLoginWs	WebSocket QR login route with live remoteauth flow and errcode mapping
provisioning.go	376	func (p *ProvisioningAPI) tokenLogin(w http.ResponseWriter, r *http.Request) {	Implemented	src/provisioning/server.nim:handleRequest	POST /v1/login/token persists user token/id and session heartbeat metadata
provisioning.go	413	func (p *ProvisioningAPI) reconnect(w http.ResponseWriter, r *http.Request) {	Implemented	src/provisioning/server.nim:handleRequest	POST /v1/reconnect restores connected state from stored token
provisioning.go	451	func (p *ProvisioningAPI) guildsList(w http.ResponseWriter, r *http.Request) {	Partial	src/provisioning/server.nim:handleRequest	Route implemented with placeholder guild list payload
provisioning.go	483	func (p *ProvisioningAPI) guildsBridge(w http.ResponseWriter, r *http.Request) {	Partial	src/provisioning/server.nim:handleRequest	Route exists but returns placeholder success response
provisioning.go	525	func (p *ProvisioningAPI) guildsUnbridge(w http.ResponseWriter, r *http.Request) {	Partial	src/provisioning/server.nim:handleRequest	Route exists but returns placeholder success response
commands.go	53	func (br *DiscordBridge) RegisterCommands() {	Pending		
commands.go	76	func wrapCommand(handler func(*WrappedCommandEvent)) func(*commands.Event) {	Pending		
commands.go	100	func decodeToken(token string) (userID int64, err error) {	Implemented	src/bridge/commands/core_utils.nim:decodeToken	Discord token part-count/base64 validation and user ID decode parity.
commands.go	130	func fnLoginToken(ce *WrappedCommandEvent) {	Pending		
commands.go	176	func fnLoginQR(ce *WrappedCommandEvent) {	Pending		
commands.go	235	func sendQRCode(ce *WrappedCommandEvent, code string) id.EventID {	Pending		
commands.go	257	func uploadQRCode(ce *WrappedCommandEvent, code string) (id.ContentURI, bool) {	Pending		
commands.go	284	func fnLogout(ce *WrappedCommandEvent) {	Pending		
commands.go	303	func fnPing(ce *WrappedCommandEvent) {	Pending		
commands.go	327	func fnDisconnect(ce *WrappedCommandEvent) {	Pending		
commands.go	348	func fnReconnect(ce *WrappedCommandEvent) {	Pending		
commands.go	369	func fnRejoinSpace(ce *WrappedCommandEvent) {	Pending		
commands.go	407	func fnSetRelay(ce *WrappedCommandEvent) {	Pending		
commands.go	524	func fnUnsetRelay(ce *WrappedCommandEvent) {	Pending		
commands.go	567	func fnGuilds(ce *WrappedCommandEvent) {	Pending		
commands.go	590	func fnListGuilds(ce *WrappedCommandEvent) {	Pending		
commands.go	610	func fnBridgeGuild(ce *WrappedCommandEvent) {	Pending		
commands.go	620	func fnUnbridgeGuild(ce *WrappedCommandEvent) {	Pending		
commands.go	636	func fnGuildBridgingMode(ce *WrappedCommandEvent) {	Pending		
commands.go	671	func isNumber(str string) bool {	Implemented	src/bridge/commands/core_utils.nim:isNumber	Digit-only check parity (including empty-string true behavior).
commands.go	680	func fnBridge(ce *WrappedCommandEvent) {	Pending		
commands.go	801	func fnCreatePortal(ce *WrappedCommandEvent) {	Pending		
commands.go	840	func fnUnbridge(ce *WrappedCommandEvent) {	Pending		
commands.go	858	func fnDeleteAllPortals(ce *WrappedCommandEvent) {	Pending		
attachments.go	32	func downloadDiscordAttachment(cli *http.Client, url string, maxSize int64) ([]byte, error) {	Pending		
attachments.go	68	func uploadDiscordAttachment(cli *http.Client, url string, data []byte) error {	Pending		
attachments.go	94	func downloadMatrixAttachment(intent *appservice.IntentAPI, content *event.MessageEventContent) ([]byte, error) {	Pending		
attachments.go	123	func (br *DiscordBridge) uploadMatrixAttachment(intent *appservice.IntentAPI, data []byte, url string, encrypt bool, meta AttachmentMeta, semaWg *sync.WaitGroup) (*database.File, error) {	Pending		
attachments.go	193	func (br *DiscordBridge) convertLottie(data []byte) ([]byte, string, error) {	Pending		
attachments.go	271	func (br *DiscordBridge) copyAttachmentToMatrix(intent *appservice.IntentAPI, url string, encrypt bool, meta AttachmentMeta) (returnDBFile *database.File, returnErr error) {	Pending		
attachments.go	330	func (portal *Portal) getEmojiMXCByDiscordID(emojiID, name string, animated bool) id.ContentURI {	Pending		
commands_botinteraction.go	59	func (portal *Portal) getCommand(user *User, command string) (*discordgo.ApplicationCommand, error) {	Implemented	src/bridge/commands/bot_interaction.nim:getCommand	Command cache plus search fallback parity with exact-name matching.
commands_botinteraction.go	82	func getCommandOptionTypeName(optType discordgo.ApplicationCommandOptionType) string {	Implemented	src/bridge/commands/bot_interaction.nim:getCommandOptionTypeName	Type-name mapping parity including unsupported and unknown-type cases.
commands_botinteraction.go	111	func parseCommandOptionValue(optType discordgo.ApplicationCommandOptionType, value string) (any, error) {	Implemented	src/bridge/commands/bot_interaction.nim:parseCommandOptionValue	Option value parsing parity for string/integer/boolean/number and unsupported types.
commands_botinteraction.go	138	func indent(text, with string) string {	Implemented	src/bridge/commands/bot_interaction.nim:indent	Line-by-line prefixing parity.
commands_botinteraction.go	146	func formatOption(opt *discordgo.ApplicationCommandOption) string {	Implemented	src/bridge/commands/bot_interaction.nim:formatOption	Recursive option formatting parity with description/required markers.
commands_botinteraction.go	164	func formatCommand(cmd *discordgo.ApplicationCommand) string {	Implemented	src/bridge/commands/bot_interaction.nim:formatCommand	Command usage formatting parity with placeholder and option list rendering.
commands_botinteraction.go	182	func parseCommandOptions(opts []*discordgo.ApplicationCommandOption, subcommands []string, namedArgs map[string]string) (res []*discordgo.ApplicationCommandOptionInput, err error) {	Implemented	src/bridge/commands/bot_interaction.nim:parseCommandOptions	Recursive subcommand and named-arg parser parity with required-parameter error paths.
commands_botinteraction.go	228	func executeCommand(cmd *discordgo.ApplicationCommand, args []string) (res []*discordgo.ApplicationCommandOptionInput, err error) {	Implemented	src/bridge/commands/bot_interaction.nim:executeCommand	Named-arg split and option execution parity.
commands_botinteraction.go	243	func fnCommands(ce *WrappedCommandEvent) {	Partial	src/bridge/commands/bot_interaction.nim:fnCommands	Search/help behavior parity implemented against Nim command-event abstraction (not yet wired to full bridge command bus).
commands_botinteraction.go	277	func fnExec(ce *WrappedCommandEvent) {	Partial	src/bridge/commands/bot_interaction.nim:fnExec	Argument parsing, command lookup, option execution, and interaction send parity via abstraction; async timeout reply loop remains deferred.
formatter_tag.go	47	func (n *astDiscordTag) Dump(source []byte, level int) {	Implemented	src/msgconv/formatter_tag.nim:dump	Discord tag AST dump helper implemented
formatter_tag.go	51	func (n *astDiscordTag) Kind() ast.NodeKind {	Implemented	src/msgconv/formatter_tag.nim:kind	Discord tag node kind helper implemented
formatter_tag.go	60	func (n *astDiscordUserMention) String() string {	Implemented	src/msgconv/formatter_tag.nim:userMentionString	User mention serialization implemented
formatter_tag.go	71	func (n *astDiscordRoleMention) String() string {	Implemented	src/msgconv/formatter_tag.nim:roleMentionString	Role mention serialization implemented
formatter_tag.go	82	func (n *astDiscordChannelMention) String() string {	Implemented	src/msgconv/formatter_tag.nim:channelMentionString	Channel mention serialization implemented (with guild/name extension syntax)
formatter_tag.go	91	func (dts discordTimestampStyle) Format() string {	Implemented	src/msgconv/formatter_tag.nim:timestampStyleFormat	Discord timestamp style to format mapping implemented
formatter_tag.go	117	func (n *astDiscordTimestamp) String() string {	Implemented	src/msgconv/formatter_tag.nim:timestampString	Timestamp tag serialization implemented
formatter_tag.go	130	func (n *astDiscordCustomEmoji) String() string {	Implemented	src/msgconv/formatter_tag.nim:customEmojiString	Custom emoji tag serialization implemented
formatter_tag.go	143	func (s *discordTagParser) Trigger() []byte {	Implemented	src/msgconv/formatter_tag.nim:trigger	Inline parser trigger byte implemented
formatter_tag.go	149	func (s *discordTagParser) Parse(parent ast.Node, block text.Reader, pc parser.Context) ast.Node {	Implemented	src/msgconv/formatter_tag.nim:parseTag	Discord tag parser supports user/role/channel/timestamp/custom-emoji forms
formatter_tag.go	202	func (s *discordTagParser) CloseBlock(parent ast.Node, pc parser.Context) {	Implemented	src/msgconv/formatter_tag.nim:closeBlock	No-op close-block hook implemented
formatter_tag.go	210	func (r *discordTagHTMLRenderer) RegisterFuncs(reg renderer.NodeRendererFuncRegisterer) {	Implemented	src/msgconv/formatter_tag.nim:registerFuncs	Registers tag renderer hook for mention/timestamp nodes
formatter_tag.go	214	func relativeTimeFormat(ts time.Time) string {	Implemented	src/msgconv/formatter_tag.nim:relativeTimeFormat	Relative time formatter implemented with unit rounding parity
formatter_tag.go	259	func (r *discordTagHTMLRenderer) renderDiscordMention(w util.BufWriter, source []byte, n ast.Node, entering bool) (status ast.WalkStatus, err error) {	Implemented	src/msgconv/formatter_tag.nim:renderDiscordMention	Renders mentions/timestamps/emojis with resolver callbacks and HTML output
formatter_tag.go	336	func (e *discordTag) Extend(m goldmark.Markdown) {	Implemented	src/msgconv/formatter_tag.nim:extend	Extension priority and registration shim implemented
directmedia_id.go	56	func ParseMediaID(id string, key [32]byte) (*MediaID, error) {	Implemented	src/directmedia/media_id.nim:parseMediaID	HMAC-validated parse with prefix/version/class checks
directmedia_id.go	78	func (mid *MediaID) SignedString(key [32]byte) string {	Implemented	src/directmedia/media_id.nim:signedString	Raw URL-base64 payload + truncated HMAC signature
directmedia_id.go	87	func (mid *MediaID) Write(to io.Writer) {	Implemented	src/directmedia/media_id.nim:writeBytes	Encodes prefix, version, class and class payload
directmedia_id.go	94	func (mid *MediaID) Size() int {	Implemented	src/directmedia/media_id.nim:size	Reports payload + truncated hash length
directmedia_id.go	104	func (mid *MediaID) Read(from io.Reader) error {	Implemented	src/directmedia/media_id.nim:readBytes	Decodes prefix/version/class and delegates class payload parsing
directmedia_id.go	144	func (amd *AttachmentMediaData) Write(to io.Writer) {	Implemented	src/directmedia/media_id.nim:writeBytes	Attachment payload big-endian serialization
directmedia_id.go	148	func (amd *AttachmentMediaData) Read(from io.Reader) (err error) {	Implemented	src/directmedia/media_id.nim:readBytes	Attachment payload big-endian parsing
directmedia_id.go	152	func (amd *AttachmentMediaData) Size() int {	Implemented	src/directmedia/media_id.nim:size	Attachment payload size helper
directmedia_id.go	156	func (amd *AttachmentMediaData) Wrap() *MediaID {	Implemented	src/directmedia/media_id.nim:wrap	Wraps attachment payload into MediaID
directmedia_id.go	164	func (amd *AttachmentMediaData) CacheKey() AttachmentCacheKey {	Implemented	src/directmedia/media_id.nim:cacheKey	Builds attachment cache key from channel and attachment IDs
directmedia_id.go	176	func (smd *StickerMediaData) Write(to io.Writer) {	Implemented	src/directmedia/media_id.nim:writeBytes	Sticker payload big-endian serialization
directmedia_id.go	180	func (smd *StickerMediaData) Read(from io.Reader) error {	Implemented	src/directmedia/media_id.nim:readBytes	Sticker payload big-endian parsing
directmedia_id.go	184	func (smd *StickerMediaData) Size() int {	Implemented	src/directmedia/media_id.nim:size	Sticker payload size helper
directmedia_id.go	188	func (smd *StickerMediaData) Wrap() *MediaID {	Implemented	src/directmedia/media_id.nim:wrap	Wraps sticker payload into MediaID
directmedia_id.go	206	func (emd *EmojiMediaData) Write(to io.Writer) {	Implemented	src/directmedia/media_id.nim:writeBytes	Emoji payload serialization with trailing name bytes
directmedia_id.go	211	func (emd *EmojiMediaData) Read(from io.Reader) (err error) {	Implemented	src/directmedia/media_id.nim:readBytes	Emoji payload parser with trailing name bytes
directmedia_id.go	224	func (emd *EmojiMediaData) Size() int {	Implemented	src/directmedia/media_id.nim:size	Emoji payload size helper
directmedia_id.go	228	func (emd *EmojiMediaData) Wrap() *MediaID {	Implemented	src/directmedia/media_id.nim:wrap	Wraps emoji payload into MediaID
directmedia_id.go	242	func (uamd *UserAvatarMediaData) Write(to io.Writer) {	Implemented	src/directmedia/media_id.nim:writeBytes	User avatar payload serialization
directmedia_id.go	246	func (uamd *UserAvatarMediaData) Read(from io.Reader) error {	Implemented	src/directmedia/media_id.nim:readBytes	User avatar payload parsing
directmedia_id.go	250	func (uamd *UserAvatarMediaData) Size() int {	Implemented	src/directmedia/media_id.nim:size	User avatar payload size helper
directmedia_id.go	254	func (uamd *UserAvatarMediaData) Wrap() *MediaID {	Implemented	src/directmedia/media_id.nim:wrap	Wraps user avatar payload into MediaID
directmedia_id.go	269	func (guamd *GuildMemberAvatarMediaData) Write(to io.Writer) {	Implemented	src/directmedia/media_id.nim:writeBytes	Guild member avatar payload serialization
directmedia_id.go	273	func (guamd *GuildMemberAvatarMediaData) Read(from io.Reader) error {	Implemented	src/directmedia/media_id.nim:readBytes	Guild member avatar payload parsing
directmedia_id.go	277	func (guamd *GuildMemberAvatarMediaData) Size() int {	Implemented	src/directmedia/media_id.nim:size	Guild member avatar payload size helper
directmedia_id.go	281	func (guamd *GuildMemberAvatarMediaData) Wrap() *MediaID {	Implemented	src/directmedia/media_id.nim:wrap	Wraps guild member avatar payload into MediaID
guildportal.go	46	func (br *DiscordBridge) loadGuild(dbGuild *database.Guild, id string, createIfNotExist bool) *Guild {	Pending		
guildportal.go	67	func (br *DiscordBridge) GetGuildByMXID(mxid id.RoomID) *Guild {	Pending		
guildportal.go	79	func (br *DiscordBridge) GetGuildByID(id string, createIfNotExist bool) *Guild {	Pending		
guildportal.go	91	func (br *DiscordBridge) GetAllGuilds() []*Guild {	Pending		
guildportal.go	95	func (br *DiscordBridge) dbGuildsToGuilds(dbGuilds []*database.Guild) []*Guild {	Pending		
guildportal.go	116	func (br *DiscordBridge) NewGuild(dbGuild *database.Guild) *Guild {	Pending		
guildportal.go	126	func (guild *Guild) getBridgeInfo() (string, event.BridgeEventContent) {	Pending		
guildportal.go	146	func (guild *Guild) UpdateBridgeInfo() {	Pending		
guildportal.go	164	func (guild *Guild) CreateMatrixRoom(user *User, meta *discordgo.Guild) error {	Pending		
guildportal.go	229	func (guild *Guild) UpdateInfo(source *User, meta *discordgo.Guild) *discordgo.Guild {	Pending		
guildportal.go	245	func (guild *Guild) UpdateName(meta *discordgo.Guild) bool {	Pending		
guildportal.go	267	func (guild *Guild) UpdateAvatar(iconID string) bool {	Pending		
guildportal.go	297	func (guild *Guild) cleanup() {	Pending		
guildportal.go	312	func (guild *Guild) RemoveMXID() {	Pending		
guildportal.go	326	func (guild *Guild) Delete() {	Pending		
portal_convert.go	49	func (portal *Portal) createMediaFailedMessage(bridgeErr error) *event.MessageEventContent {	Pending		
portal_convert.go	58	func (portal *Portal) convertDiscordFile(ctx context.Context, typeName string, intent *appservice.IntentAPI, id, url string, content *event.MessageEventContent) *event.MessageEventContent {	Pending		
portal_convert.go	87	func (portal *Portal) cleanupConvertedStickerInfo(content *event.MessageEventContent) {	Pending		
portal_convert.go	108	func (portal *Portal) convertDiscordSticker(ctx context.Context, intent *appservice.IntentAPI, sticker *discordgo.StickerItem) *ConvertedMessage {	Pending		
portal_convert.go	147	func (portal *Portal) convertDiscordAttachment(ctx context.Context, intent *appservice.IntentAPI, messageID string, att *discordgo.MessageAttachment) *ConvertedMessage {	Pending		
portal_convert.go	202	func (portal *Portal) convertDiscordVideoEmbed(ctx context.Context, intent *appservice.IntentAPI, embed *discordgo.MessageEmbed) *ConvertedMessage {	Pending		
portal_convert.go	277	func (portal *Portal) convertDiscordMessage(ctx context.Context, puppet *Puppet, intent *appservice.IntentAPI, msg *discordgo.Message) []*ConvertedMessage {	Pending		
portal_convert.go	341	func (puppet *Puppet) addMemberMeta(part *ConvertedMessage, msg *discordgo.Message) {	Pending		
portal_convert.go	381	func (puppet *Puppet) addWebhookMeta(part *ConvertedMessage, msg *discordgo.Message) {	Pending		
portal_convert.go	444	func (portal *Portal) convertDiscordRichEmbed(ctx context.Context, intent *appservice.IntentAPI, embed *discordgo.MessageEmbed, msgID string, index int) string {	Pending		
portal_convert.go	562	func (portal *Portal) convertDiscordLinkEmbedImage(ctx context.Context, intent *appservice.IntentAPI, url string, width, height int, preview *BeeperLinkPreview) {	Pending		
portal_convert.go	587	func (portal *Portal) convertDiscordLinkEmbedToBeeper(ctx context.Context, intent *appservice.IntentAPI, embed *discordgo.MessageEmbed) *BeeperLinkPreview {	Pending		
portal_convert.go	615	func isActuallyLinkPreview(embed *discordgo.MessageEmbed) bool {	Pending		
portal_convert.go	621	func getEmbedType(msg *discordgo.Message, embed *discordgo.MessageEmbed) BridgeEmbedType {	Pending		
portal_convert.go	646	func isPlainGifMessage(msg *discordgo.Message) bool {	Pending		
portal_convert.go	657	func (portal *Portal) convertDiscordMentions(msg *discordgo.Message, syncGhosts bool) *event.Mentions {	Pending		
portal_convert.go	685	func (portal *Portal) convertDiscordTextMessage(ctx context.Context, intent *appservice.IntentAPI, msg *discordgo.Message) *ConvertedMessage {	Pending		
backfill.go	19	func (portal *Portal) forwardBackfillInitial(source *User, thread *Thread) {	Pending		
backfill.go	54	func (portal *Portal) ForwardBackfillMissed(source *User, serverLastMessageID string, thread *Thread) {	Pending		
backfill.go	110	func (portal *Portal) collectBackfillMessages(log zerolog.Logger, source *User, limit int, until string, thread *Thread) ([]*discordgo.Message, bool, error) {	Pending		
backfill.go	151	func (portal *Portal) backfillLimited(log zerolog.Logger, source *User, limit int, after string, thread *Thread) {	Pending		
backfill.go	179	func (portal *Portal) backfillUnlimitedMissed(log zerolog.Logger, source *User, after string, thread *Thread) {	Pending		
backfill.go	205	func (portal *Portal) sendBackfillBatch(log zerolog.Logger, source *User, messages []*discordgo.Message, thread *Thread) {	Pending		
backfill.go	217	func (portal *Portal) forwardBatchSend(log zerolog.Logger, source *User, messages []*discordgo.Message, thread *Thread) {	Pending		
backfill.go	243	func (portal *Portal) convertMessageBatch(log zerolog.Logger, source *User, messages []*discordgo.Message, thread *Thread) ([]*event.Event, []*discordgo.Message, []database.Message) {	Pending		
backfill.go	339	func (portal *Portal) deterministicEventID(messageID, partName string) id.EventID {	Implemented	src/bridge/backfill_utils.nim:deterministicEventID	SHA-256 + raw URL-safe base64 event ID generation matches Go format.
backfill.go	350	func compareMessageIDs(id1, id2 string) int {	Implemented	src/bridge/backfill_utils.nim:compareMessageIDs	Length-first then lexical Discord snowflake string ordering parity.
backfill.go	365	func shouldBackfill(latestBridgedIDStr, latestIDFromServerStr string) bool {	Implemented	src/bridge/backfill_utils.nim:shouldBackfill	Backfill decision delegates to compareMessageIDs == -1.
backfill.go	373	func (a MessageSlice) Len() int {	Implemented	src/bridge/backfill_utils.nim:len	Sort-interface length parity for message slices.
backfill.go	377	func (a MessageSlice) Swap(i, j int) {	Implemented	src/bridge/backfill_utils.nim:swap	Sort-interface swap parity for message slices.
backfill.go	381	func (a MessageSlice) Less(i, j int) bool {	Implemented	src/bridge/backfill_utils.nim:less	Sort-interface comparator parity using compareMessageIDs.
puppet.go	37	func (puppet *Puppet) GetMXID() id.UserID {	Pending		
puppet.go	43	func (br *DiscordBridge) NewPuppet(dbPuppet *database.Puppet) *Puppet {	Pending		
puppet.go	53	func (br *DiscordBridge) ParsePuppetMXID(mxid id.UserID) (string, bool) {	Pending		
puppet.go	72	func (br *DiscordBridge) GetPuppetByMXID(mxid id.UserID) *Puppet {	Pending		
puppet.go	81	func (br *DiscordBridge) GetPuppetByID(id string) *Puppet {	Pending		
puppet.go	101	func (br *DiscordBridge) GetPuppetByCustomMXID(mxid id.UserID) *Puppet {	Pending		
puppet.go	120	func (br *DiscordBridge) GetAllPuppetsWithCustomMXID() []*Puppet {	Pending		
puppet.go	124	func (br *DiscordBridge) GetAllPuppets() []*Puppet {	Pending		
puppet.go	128	func (br *DiscordBridge) dbPuppetsToPuppets(dbPuppets []*database.Puppet) []*Puppet {	Pending		
puppet.go	154	func (br *DiscordBridge) FormatPuppetMXID(did string) id.UserID {	Pending		
puppet.go	161	func (puppet *Puppet) GetDisplayname() string {	Pending		
puppet.go	165	func (puppet *Puppet) GetAvatarURL() id.ContentURI {	Pending		
puppet.go	169	func (puppet *Puppet) DefaultIntent() *appservice.IntentAPI {	Pending		
puppet.go	173	func (puppet *Puppet) IntentFor(portal *Portal) *appservice.IntentAPI {	Pending		
puppet.go	181	func (puppet *Puppet) CustomIntent() *appservice.IntentAPI {	Pending		
puppet.go	188	func (puppet *Puppet) updatePortalMeta(meta func(portal *Portal)) {	Pending		
puppet.go	197	func (puppet *Puppet) UpdateName(info *discordgo.User) bool {	Pending		
puppet.go	219	func (br *DiscordBridge) reuploadUserAvatar(intent *appservice.IntentAPI, guildID, userID, avatarID string) (id.ContentURI, string, error) {	Pending		
puppet.go	247	func (puppet *Puppet) UpdateAvatar(info *discordgo.User) bool {	Pending		
puppet.go	284	func (puppet *Puppet) UpdateInfo(source *User, info *discordgo.User, message *discordgo.Message) {	Pending		
puppet.go	334	func (puppet *Puppet) UpdateContactInfo(info *discordgo.User) bool {	Pending		
puppet.go	360	func (puppet *Puppet) ResendContactInfo() {	Pending		
remoteauth/clientpackets.go	20	func (h *clientHeartbeat) send(client *Client) error {	Implemented	src/remoteauth/client.nim:heartbeatPacketJson,nextHeartbeatPacket	Heartbeat packet generation and in-flight counter implemented
remoteauth/clientpackets.go	40	func (i *clientInit) send(client *Client) error {	Implemented	src/remoteauth/client.nim:initPacketJson	Init packet with encoded public key implemented
remoteauth/clientpackets.go	63	func (n *clientNonceProof) send(client *Client) error {	Implemented	src/remoteauth/client.nim:nonceProofPacketJson,processServerPacket	Nonce proof packet derived from decrypted nonce implemented
remoteauth/serverpackets.go	19	func (c *Client) processMessages() {	Implemented	src/remoteauth/live_client.nim:runRemoteAuthLoginWith	Live websocket receive loop processes server packets and actions
remoteauth/serverpackets.go	101	func (h *serverHello) process(client *Client) error {	Implemented	src/remoteauth/client.nim:processServerPacket	Hello updates timeout/heartbeat and emits init action
remoteauth/serverpackets.go	146	func (n *serverNonceProof) process(client *Client) error {	Implemented	src/remoteauth/client.nim:processServerPacket	Encrypted nonce decrypt + proof response action implemented
remoteauth/serverpackets.go	167	func (h *serverHeartbeatAck) process(client *Client) error {	Implemented	src/remoteauth/client.nim:processServerPacket	Heartbeat ACK decrements in-flight counter
remoteauth/serverpackets.go	180	func (p *serverPendingRemoteInit) process(client *Client) error {	Implemented	src/remoteauth/client.nim:processServerPacket	Fingerprint converted to QR URL action
remoteauth/serverpackets.go	196	func (p *serverPendingTicket) process(client *Client) error {	Implemented	src/remoteauth/client.nim:processServerPacket	Encrypted user payload decrypt and user state update implemented
remoteauth/serverpackets.go	212	func (p *serverPendingLogin) process(client *Client) error {	Implemented	src/remoteauth/live_client.nim:runRemoteAuthLoginWith	Ticket exchange call and encrypted token decrypt implemented
remoteauth/serverpackets.go	239	func (c *serverCancel) process(client *Client) error {	Implemented	src/remoteauth/client.nim:processServerPacket	Cancel packet marks client closed and returns cancel action
remoteauth/client.go	39	func New() (*Client, error) {	Implemented	src/remoteauth/client.nim:newRemoteAuthClient	Remoteauth client state constructor implemented
remoteauth/client.go	53	func (c *Client) Dial(ctx context.Context, qrChan chan string, doneChan chan struct{}) error {	Implemented	src/remoteauth/live_client.nim:runRemoteAuthLoginWith	Live dial/login loop with websocket transport implemented
remoteauth/client.go	77	func (c *Client) Result() (User, error) {	Implemented	src/remoteauth/live_client.nim:RemoteAuthLoginResult	Login result includes user token and profile fields
remoteauth/client.go	84	func (c *Client) close() error {	Equivalent-Noop	src/remoteauth/live_client.nim:runRemoteAuthLoginWith	Socket/client closure handled by deferred ws.close
remoteauth/client.go	104	func (c *Client) write(p clientPacket) error {	Equivalent-Noop	src/remoteauth/live_client.nim:runRemoteAuthLoginWith	Packet writes are action-driven through ws.sendText
remoteauth/client.go	116	func (c *Client) decrypt(payload string) ([]byte, error) {	Implemented	src/remoteauth/crypto.nim:decryptPayload	RSA OAEP decrypt helper implemented with OpenSSL
remoteauth/user.go	17	func (u *User) update(payload string) error {	Implemented	src/remoteauth/user.nim:update	Payload update alias maps to updateFromPayload parser
discord.go	9	func (user *User) channelIsBridgeable(channel *discordgo.Channel) bool {	Implemented	src/discord/channel_policy.nim:channelIsBridgeable	DM/group DM always bridgeable; guild text/news require view permission when known, and default-allow on permission lookup failure.
config/bridge.go	117	func (bc *BridgeConfig) GetResendBridgeInfo() bool {	Implemented	src/config/config.nim:getResendBridgeInfo	Bridge resend bridge-info toggle getter implemented
config/bridge.go	121	func (bc *BridgeConfig) EnableMessageStatusEvents() bool {	Implemented	src/config/config.nim:enableMessageStatusEvents	Message status-event toggle getter implemented
config/bridge.go	125	func (bc *BridgeConfig) EnableMessageErrorNotices() bool {	Implemented	src/config/config.nim:enableMessageErrorNotices	Message error-notice toggle getter implemented
config/bridge.go	129	func boolToInt(val bool) int {	Implemented	src/config/config.nim:boolToInt	Boolean-to-int helper implemented
config/bridge.go	136	func (bc *BridgeConfig) Validate() error {	Implemented	src/config/config.nim:validateBridgeConfig	Permission map validation mirrors Go example-entry exclusion rule
config/bridge.go	149	func (bc *BridgeConfig) UnmarshalYAML(unmarshal func(interface{}) error) error {	Partial	src/config/config.nim:loadConfig,parseBridgeTemplates	Template presence/placeholder validation and prefixed map extraction implemented via loader
config/bridge.go	179	func (bc BridgeConfig) GetDoublePuppetConfig() bridgeconfig.DoublePuppetConfig {	Partial	src/config/config.nim:getDoublePuppetConfig	Returns parsed bridge.double_puppet.* map (typed bridgeconfig struct parity pending)
config/bridge.go	183	func (bc BridgeConfig) GetEncryptionConfig() bridgeconfig.EncryptionConfig {	Partial	src/config/config.nim:getEncryptionConfig	Returns parsed bridge.encryption.* map (typed bridgeconfig struct parity pending)
config/bridge.go	187	func (bc BridgeConfig) GetCommandPrefix() string {	Implemented	src/config/config.nim:getCommandPrefix	Command prefix getter implemented
config/bridge.go	191	func (bc BridgeConfig) GetManagementRoomTexts() bridgeconfig.ManagementRoomTexts {	Partial	src/config/config.nim:getManagementRoomTexts	Returns parsed bridge.management_room_text.* map (typed bridgeconfig struct parity pending)
config/bridge.go	195	func (bc BridgeConfig) FormatUsername(userID string) string {	Implemented	src/config/config.nim:formatUsername	Username template replacement for {{.}} implemented
config/bridge.go	207	func (bc BridgeConfig) FormatDisplayname(user *discordgo.User, webhook, application bool) string {	Partial	src/config/config.nim:formatDisplayname	Displayname templating supports common webhook/or/bot placeholders; full text/template parity pending
config/bridge.go	225	func (bc BridgeConfig) FormatChannelName(params ChannelNameParams) string {	Partial	src/config/config.nim:formatChannelName	Channel template formatting supports common type gate and field replacements
config/bridge.go	235	func (bc BridgeConfig) FormatGuildName(params GuildNameParams) string {	Implemented	src/config/config.nim:formatGuildName	Guild name template field replacement implemented
config/upgrade.go	26	func DoUpgrade(helper *up.Helper) {	Implemented	src/config/upgrade.nim:doUpgrade	Flattened-key upgrade helper copies bridge keys, applies legacy private_chat_portal_meta conversion, and generate-on-missing secret semantics.
config/config.go	30	func (config *Config) CanAutoDoublePuppet(userID id.UserID) bool {	Implemented	src/config/config.nim:canAutoDoublePuppet	Homeserver parsing plus shared-secret map lookup parity (direct and server_map keys).
custompuppet.go	7	func (puppet *Puppet) SwitchCustomMXID(accessToken string, mxid id.UserID) error {	Implemented	src/bridge/custompuppet.nim:switchCustomMXID	Persists custom mxid/token and starts custom puppet session.
custompuppet.go	19	func (puppet *Puppet) ClearCustomMXID() {	Implemented	src/bridge/custompuppet.nim:clearCustomMXID	Clears persisted custom mxid/token and removes custom mapping via manager upsert path.
custompuppet.go	35	func (puppet *Puppet) StartCustomMXID(reloginOnFail bool) error {	Implemented	src/bridge/custompuppet.nim:startCustomMXID	Runs setup callback, clears on setup failure, persists refreshed access token on success.
custompuppet.go	53	func (user *User) tryAutomaticDoublePuppeting() {	Implemented	src/bridge/custompuppet.nim:tryAutomaticDoublePuppeting	Checks homeserver shared-secret eligibility and auto-enables custom puppet when missing.
user.go	73	func (user *User) GetRemoteID() string {	Pending		
user.go	77	func (user *User) GetRemoteName() string {	Pending		
user.go	89	func discordToZeroLevel(level int) zerolog.Level {	Pending		
user.go	104	func init() {	Pending		
user.go	110	func (user *User) GetPermissionLevel() bridgeconfig.PermissionLevel {	Pending		
user.go	114	func (user *User) GetManagementRoomID() id.RoomID {	Pending		
user.go	118	func (user *User) GetMXID() id.UserID {	Pending		
user.go	122	func (user *User) GetCommandState() map[string]interface{} {	Pending		
user.go	126	func (user *User) GetIDoublePuppet() bridge.DoublePuppet {	Pending		
user.go	134	func (user *User) GetIGhost() bridge.Ghost {	Pending		
user.go	147	func (br *DiscordBridge) loadUser(dbUser *database.User, mxid *id.UserID) *User {	Pending		
user.go	170	func (br *DiscordBridge) GetUserByMXID(userID id.UserID) *User {	Pending		
user.go	184	func (br *DiscordBridge) GetUserByID(id string) *User {	Pending		
user.go	195	func (br *DiscordBridge) GetCachedUserByID(id string) *User {	Pending		
user.go	201	func (br *DiscordBridge) GetCachedUserByMXID(userID id.UserID) *User {	Pending		
user.go	207	func (br *DiscordBridge) NewUser(dbUser *database.User) *User {	Pending		
user.go	225	func (br *DiscordBridge) getAllUsersWithToken() []*User {	Implemented	src/database/store.nim:getAllUsersWithToken	DB query returns users with persisted Discord token
user.go	242	func (br *DiscordBridge) startUsers() {	Implemented	src/bridge/user_runtime.nim:startUsers	Runtime startup orchestrator loads tokened users and starts async connect attempts
user.go	265	func (user *User) startupTryConnect(retryCount int) {	Partial	src/bridge/user_runtime.nim:startupTryConnect	Retry/backoff and state tracking implemented; full Discord session connect parity pending
user.go	285	func (user *User) SetManagementRoom(roomID id.RoomID) {	Pending		
user.go	300	func (user *User) getSpaceRoom(ptr *id.RoomID, name, topic string, parent id.RoomID) id.RoomID {	Pending		
user.go	373	func (user *User) GetSpaceRoom() id.RoomID {	Pending		
user.go	377	func (user *User) GetDMSpaceRoom() id.RoomID {	Pending		
user.go	381	func (user *User) ViewingChannel(portal *Portal) bool {	Pending		
user.go	402	func (user *User) mutePortal(intent *appservice.IntentAPI, portal *Portal, unmute bool) {	Pending		
user.go	423	func (user *User) syncChatDoublePuppetDetails(portal *Portal, justCreated bool) {	Pending		
user.go	435	func (user *User) NextDiscordUploadID() string {	Pending		
user.go	440	func (user *User) Login(token string) error {	Pending		
user.go	472	func (user *User) IsLoggedIn() bool {	Pending		
user.go	479	func (user *User) Logout(isOverwriting bool) {	Pending		
user.go	514	func (user *User) Connected() bool {	Pending		
user.go	539	func (user *User) Connect() error {	Pending		
user.go	615	func (user *User) eventHandlerSync(rawEvt any) {	Pending		
user.go	619	func (user *User) eventHandler(rawEvt any) {	Pending		
user.go	695	func (user *User) Disconnect() error {	Pending		
user.go	710	func (user *User) getGuildBridgingMode(guildID string) database.GuildBridgingMode {	Pending		
user.go	723	func (s ChannelSlice) Len() int {	Pending		
user.go	727	func (s ChannelSlice) Less(i, j int) bool {	Pending		
user.go	734	func (s ChannelSlice) Swap(i, j int) {	Pending		
user.go	738	func (user *User) readyHandler(r *discordgo.Ready) {	Pending		
user.go	798	func (user *User) subscribeGuilds(delay time.Duration) {	Pending		
user.go	821	func (user *User) resumeHandler(_ *discordgo.Resumed) {	Pending		
user.go	827	func (user *User) addPrivateChannelToSpace(portal *Portal) bool {	Pending		
user.go	844	func (user *User) relationshipAddHandler(r *discordgo.RelationshipAdd) {	Pending		
user.go	850	func (user *User) relationshipUpdateHandler(r *discordgo.RelationshipUpdate) {	Pending		
user.go	856	func (user *User) relationshipRemoveHandler(r *discordgo.RelationshipRemove) {	Pending		
user.go	862	func (user *User) handleRelationshipChange(userID, nickname string) {	Pending		
user.go	893	func (user *User) handlePrivateChannel(portal *Portal, meta *discordgo.Channel, timestamp time.Time, create, isInSpace bool) {	Pending		
user.go	913	func (user *User) addGuildToSpace(guild *Guild, isInSpace bool, timestamp time.Time) bool {	Pending		
user.go	935	func (user *User) discordRoleToDB(guildID string, role *discordgo.Role, dbRole *database.Role, txn dbutil.Execable) bool {	Pending		
user.go	959	func (user *User) handleGuildRoles(guildID string, newRoles []*discordgo.Role) {	Pending		
user.go	988	func (user *User) handleGuild(meta *discordgo.Guild, timestamp time.Time, isInSpace bool) {	Pending		
user.go	1019	func (user *User) connectedHandler(_ *discordgo.Connect) {	Pending		
user.go	1028	func (user *User) disconnectedHandler(_ *discordgo.Disconnect) {	Pending		
user.go	1040	func (user *User) invalidAuthHandler(_ *discordgo.InvalidAuth) {	Pending		
user.go	1049	func (user *User) handlePossible40002(err error) bool {	Pending		
user.go	1058	func (user *User) guildCreateHandler(g *discordgo.GuildCreate) {	Pending		
user.go	1067	func (user *User) guildDeleteHandler(g *discordgo.GuildDelete) {	Pending		
user.go	1087	func (user *User) guildUpdateHandler(g *discordgo.GuildUpdate) {	Pending		
user.go	1092	func (user *User) threadListSyncHandler(t *discordgo.ThreadListSync) {	Pending		
user.go	1116	func (user *User) channelCreateHandler(c *discordgo.ChannelCreate) {	Pending		
user.go	1146	func (user *User) channelDeleteHandler(c *discordgo.ChannelDelete) {	Pending		
user.go	1167	func (user *User) channelUpdateHandler(c *discordgo.ChannelUpdate) {	Pending		
user.go	1176	func (user *User) channelRecipientAdd(c *discordgo.ChannelRecipientAdd) {	Pending		
user.go	1183	func (user *User) channelRecipientRemove(c *discordgo.ChannelRecipientRemove) {	Pending		
user.go	1190	func (user *User) findPortal(channelID string) (*Portal, *Thread) {	Pending		
user.go	1228	func (user *User) pushPortalMessage(msg interface{}, typeName, channelID, guildID string) {	Pending		
user.go	1275	func (user *User) makeReadMarkerContent(eventID id.EventID) *CustomReadMarkers {	Pending		
user.go	1288	func (user *User) messageAckHandler(m *discordgo.MessageAck) {	Pending		
user.go	1321	func (user *User) typingStartHandler(t *discordgo.TypingStart) {	Pending		
user.go	1336	func (user *User) interactionSuccessHandler(s *discordgo.InteractionSuccess) {	Pending		
user.go	1349	func (user *User) ensureInvited(intent *appservice.IntentAPI, roomID id.RoomID, isDirect, ignoreCache bool) bool {	Pending		
user.go	1399	func (user *User) getDirectChats() map[id.UserID][]id.RoomID {	Pending		
user.go	1414	func (user *User) updateDirectChats(chats map[id.UserID][]id.RoomID) {	Pending		
user.go	1473	func (user *User) bridgeGuild(guildID string, everything bool) error {	Pending		
user.go	1518	func (user *User) unbridgeGuild(guildID string) error {	Pending		
formatter.go	43	func escapeReplacement(s string) string {	Implemented	src/msgconv/formatter.nim:escapeReplacement	Escape-fixer replacement helper implemented
formatter.go	55	func (b *indentableParagraphParser) CanAcceptIndentedLine() bool {	Implemented	src/msgconv/formatter.nim:canAcceptIndentedLine	Indentable paragraph parser behavior implemented
formatter.go	77	func (portal *Portal) renderDiscordMarkdownOnlyHTMLNoUnwrap(text string, allowInlineLinks bool) string {	Partial	src/msgconv/formatter.nim:renderDiscordMarkdownOnlyHTMLNoUnwrap	Lightweight renderer applies escape-fixer and Discord tag/everyone HTML rendering; full goldmark feature parity pending
formatter.go	94	func (portal *Portal) renderDiscordMarkdownOnlyHTML(text string, allowInlineLinks bool) string {	Partial	src/msgconv/formatter.nim:renderDiscordMarkdownOnlyHTML	Single-paragraph unwrap wrapper implemented over lightweight renderer
formatter.go	103	func appendIfNotContains(arr []string, newItem string) []string {	Implemented	src/msgconv/formatter.nim:appendIfNotContains	Unique append helper implemented
formatter.go	112	func (br *DiscordBridge) pillConverter(displayname, mxid, eventID string, ctx format.Context) string {	Partial	src/msgconv/formatter.nim:pillConverter	Room alias/user mention conversion implemented via callbacks; full bridge object integrations pending
formatter.go	183	func escapeDiscordMarkdown(s string) string {	Implemented	src/msgconv/formatter.nim:escapeDiscordMarkdown	Discord markdown escaper with URL-preserving behavior and Go test corpus coverage
formatter.go	242	func (portal *Portal) parseMatrixHTML(content *event.MessageEventContent, allowedLinkPreviews []string) (string, *discordgo.MessageAllowedMentions) {	Partial	src/msgconv/formatter.nim:parseMatrixHTML	HTML/text parsing shell implemented with escaped output and mention container; full HTML converter parity pending
directmedia.go	74	func newDirectMediaAPI(br *DiscordBridge) *DirectMediaAPI {	Partial	src/directmedia/api.nim:newDirectMediaApi	Direct media API object and route dispatcher implemented; keyserver registration parity pending
directmedia.go	167	func (dma *DirectMediaAPI) makeMXC(data MediaIDData) id.ContentURI {	Implemented	src/directmedia/api.nim:makeMXC	Constructs mxc:// URI using signed media ID
directmedia.go	174	func parseExpiryTS(addr string) time.Time {	Implemented	src/directmedia/api.nim:parseExpiryTS	Parses Discord CDN ex timestamp from query string
directmedia.go	190	func (dma *DirectMediaAPI) addAttachmentToCache(channelID uint64, att *discordgo.MessageAttachment) time.Time {	Implemented	src/directmedia/api.nim:mediaUrlFor	Attachment URL cache keyed by channel/attachment IDs
directmedia.go	209	func (dma *DirectMediaAPI) AttachmentMXC(channelID, messageID string, att *discordgo.MessageAttachment) (mxc id.ContentURI) {	Implemented	src/directmedia/api.nim:attachmentMXC	Attachment media ID to MXC helper
directmedia.go	238	func (dma *DirectMediaAPI) EmojiMXC(emojiID, name string, animated bool) (mxc id.ContentURI) {	Implemented	src/directmedia/api.nim:emojiMXC	Emoji media ID to MXC helper
directmedia.go	256	func (dma *DirectMediaAPI) StickerMXC(stickerID string, format discordgo.StickerFormat) (mxc id.ContentURI) {	Implemented	src/directmedia/api.nim:stickerMXC	Sticker media ID to MXC helper
directmedia.go	274	func (dma *DirectMediaAPI) AvatarMXC(guildID, userID, avatarID string) (mxc id.ContentURI) {	Implemented	src/directmedia/api.nim:avatarMXC	Avatar media ID to MXC helper for user and guild member
directmedia.go	320	func (re *RespError) Error() string {	Implemented	src/directmedia/api.nim:error	RespError string formatter
directmedia.go	327	func (dma *DirectMediaAPI) fetchNewAttachmentURL(ctx context.Context, meta *AttachmentMediaData) (string, time.Time, error) {	Equivalent-Noop	src/directmedia/api.nim:mediaUrlFor	Current implementation resolves attachment URL from DB cache; live Discord refresh not yet ported
directmedia.go	391	func (dma *DirectMediaAPI) GetEmojiInfo(contentURI id.ContentURI) *EmojiMediaData {	Implemented	src/directmedia/api.nim:getEmojiInfo	Extracts emoji metadata from signed MXC
directmedia.go	407	func (dma *DirectMediaAPI) getMediaURL(ctx context.Context, encodedMediaID string) (url string, expiry time.Time, err error) {	Partial	src/directmedia/api.nim:mediaUrlFor	Media URL resolution implemented; live attachment refresh and full error parity pending
directmedia.go	496	func (dma *DirectMediaAPI) proxyDownload(ctx context.Context, w http.ResponseWriter, url, fileName string) {	Equivalent-Noop	src/directmedia/api.nim:handleRequest	Redirect path implemented; byte-stream proxy fallback not yet ported
directmedia.go	556	func (dma *DirectMediaAPI) DownloadMedia(w http.ResponseWriter, r *http.Request) {	Implemented	src/directmedia/api.nim:handleRequest	Matrix media download routes resolve media IDs and return redirect/error responses
directmedia.go	636	func (dma *DirectMediaAPI) UploadNotSupported(w http.ResponseWriter, r *http.Request) {	Implemented	src/directmedia/api.nim:handleRequest	Upload endpoints return M_UNRECOGNIZED not implemented response
directmedia.go	643	func (dma *DirectMediaAPI) PreviewURLNotSupported(w http.ResponseWriter, r *http.Request) {	Implemented	src/directmedia/api.nim:handleRequest	Preview URL endpoint returns M_UNRECOGNIZED not implemented response
directmedia.go	650	func (dma *DirectMediaAPI) UnknownEndpoint(w http.ResponseWriter, r *http.Request) {	Implemented	src/directmedia/api.nim:handleRequest	Unknown directmedia endpoints return unrecognized response
directmedia.go	657	func (dma *DirectMediaAPI) UnsupportedMethod(w http.ResponseWriter, r *http.Request) {	Implemented	src/directmedia/api.nim:handleRequest	Method checks return HTTP 405 unrecognized response
thread.go	24	func (br *DiscordBridge) GetThreadByID(id string, root *database.Message) *Thread {	Implemented	src/bridge/thread_runtime.nim:getThreadByID	Thread lookup/create parity through ThreadManager + root message seed data.
thread.go	34	func (br *DiscordBridge) GetThreadByRootMXID(mxid id.EventID) *Thread {	Implemented	src/bridge/thread_runtime.nim:getThreadByRootMXID	Root MXID cache/DB lookup parity via thread manager.
thread.go	44	func (br *DiscordBridge) GetThreadByRootOrCreationNoticeMXID(mxid id.EventID) *Thread {	Implemented	src/bridge/thread_runtime.nim:getThreadByRootOrCreationNoticeMXID	Supports root and creation-notice MXID lookup against cache and DB.
thread.go	57	func (br *DiscordBridge) loadThread(dbThread *database.Thread, id string, root *database.Message) *Thread {	Implemented	src/bridge/thread_runtime.nim:loadThread	Creates thread from root fallback, caches it, and resolves parent portal.
thread.go	81	func (br *DiscordBridge) threadFound(ctx context.Context, source *User, rootMessage *database.Message, id string, metadata *discordgo.Channel) {	Implemented	src/bridge/thread_runtime.nim:threadFound	Computes creation notice and initial backfill trigger decisions from metadata preview/count.
thread.go	103	func (thread *Thread) maybeInitialBackfill(source *User) {	Partial	src/bridge/thread_runtime.nim:maybeInitialBackfill	Decision gating parity implemented; caller supplies hasLastThreadMessage instead of direct DB/lock access in this layer.
thread.go	115	func (thread *Thread) RefererOpt() discordgo.RequestOption {	Equivalent-Noop	src/bridge/thread_runtime.nim:refererOpt	Nim exposes stable referer tuple string; concrete discordgo request option type is Go-specific.
thread.go	119	func (thread *Thread) Join(user *User) {	Partial	src/bridge/thread_runtime.nim:joinThread	Join/backfill decision parity implemented; actual Discord session join call and side-effectful user mark remain in higher runtime flow.
portal.go	92	func (portal *Portal) IsEncrypted() bool {	Pending		
portal.go	96	func (portal *Portal) MarkEncrypted() {	Pending		
portal.go	101	func (portal *Portal) ReceiveMatrixEvent(user bridge.User, evt *event.Event) {	Pending		
portal.go	111	func (br *DiscordBridge) loadPortal(dbPortal *database.Portal, key *database.PortalKey, chanType discordgo.ChannelType) *Portal {	Pending		
portal.go	145	func (br *DiscordBridge) GetPortalByMXID(mxid id.RoomID) *Portal {	Pending		
portal.go	157	func (user *User) GetPortalByMeta(meta *discordgo.Channel) *Portal {	Pending		
portal.go	161	func (user *User) GetExistingPortalByID(id string) *Portal {	Pending		
portal.go	165	func (user *User) GetPortalByID(id string, chanType discordgo.ChannelType) *Portal {	Pending		
portal.go	169	func (user *User) FindPrivateChatWith(userID string) *Portal {	Pending		
portal.go	183	func (br *DiscordBridge) GetExistingPortalByID(key database.PortalKey) *Portal {	Pending		
portal.go	199	func (br *DiscordBridge) GetPortalByID(key database.PortalKey, chanType discordgo.ChannelType) *Portal {	Pending		
portal.go	214	func (br *DiscordBridge) GetAllPortals() []*Portal {	Pending		
portal.go	218	func (br *DiscordBridge) GetAllPortalsInGuild(guildID string) []*Portal {	Pending		
portal.go	222	func (br *DiscordBridge) GetAllIPortals() (iportals []bridge.Portal) {	Pending		
portal.go	231	func (br *DiscordBridge) GetDMPortalsWith(otherUserID string) []*Portal {	Pending		
portal.go	235	func (br *DiscordBridge) dbPortalsToPortals(dbPortals []*database.Portal) []*Portal {	Pending		
portal.go	256	func (br *DiscordBridge) NewPortal(dbPortal *database.Portal) *Portal {	Pending		
portal.go	279	func (portal *Portal) messageLoop() {	Pending		
portal.go	290	func (portal *Portal) IsPrivateChat() bool {	Pending		
portal.go	294	func (portal *Portal) MainIntent() *appservice.IntentAPI {	Pending		
portal.go	308	func init() {	Pending		
portal.go	313	func (portal *Portal) getBridgeInfo() (string, CustomBridgeInfoContent) {	Pending		
portal.go	358	func (portal *Portal) UpdateBridgeInfo() {	Pending		
portal.go	376	func (portal *Portal) shouldSetDMRoomMetadata() bool {	Pending		
portal.go	382	func (portal *Portal) GetEncryptionEventContent() (evt *event.EncryptionEventContent) {	Pending		
portal.go	391	func (portal *Portal) CreateMatrixRoom(user *User, channel *discordgo.Channel) error {	Pending		
portal.go	565	func (portal *Portal) handleDiscordMessages(msg portalDiscordMessage) {	Pending		
portal.go	602	func (portal *Portal) ensureUserInvited(user *User, ignoreCache bool) bool {	Pending		
portal.go	606	func (portal *Portal) markMessageHandled(discordID string, authorID string, timestamp time.Time, threadID string, senderMXID id.UserID, parts []database.MessagePart) *database.Message {	Pending		
portal.go	620	func (portal *Portal) handleDiscordMessageCreate(user *User, msg *discordgo.Message, thread *Thread) {	Pending		
portal.go	715	func isReplyEmbed(embed *discordgo.MessageEmbed) bool {	Pending		
portal.go	719	func (portal *Portal) getReplyTarget(source *User, threadID string, ref *discordgo.MessageReference, embeds []*discordgo.MessageEmbed, allowNonExistent bool) *event.InReplyTo {	Pending		
portal.go	763	func (portal *Portal) sendThreadCreationNotice(ctx context.Context, thread *Thread) {	Pending		
portal.go	809	func (portal *Portal) handleDiscordMessageUpdate(user *User, msg *discordgo.Message) {	Pending		
portal.go	960	func (portal *Portal) handleDiscordMessageDelete(user *User, msg *discordgo.Message) {	Pending		
portal.go	967	func (portal *Portal) handleDiscordMessageDeleteBulk(user *User, messages []string) {	Pending		
portal.go	981	func (portal *Portal) redactAllParts(intent *appservice.IntentAPI, msgID string) (lastResp id.EventID) {	Pending		
portal.go	998	func (portal *Portal) handleDiscordTyping(evt *discordgo.TypingStart) {	Pending		
portal.go	1020	func (portal *Portal) syncParticipant(source *User, participant *discordgo.User, remove bool) {	Pending		
portal.go	1046	func (portal *Portal) syncParticipants(source *User, participants []*discordgo.User) {	Pending		
portal.go	1069	func (portal *Portal) encrypt(intent *appservice.IntentAPI, content *event.Content, eventType event.Type) (event.Type, error) {	Pending		
portal.go	1084	func (portal *Portal) sendMatrixMessage(intent *appservice.IntentAPI, eventType event.Type, content *event.MessageEventContent, extraContent map[string]interface{}, timestamp int64) (*mautrix.RespSendEvent, error) {	Pending		
portal.go	1100	func (portal *Portal) handleMatrixMessages(msg portalMatrixMessage) {	Pending		
portal.go	1117	func generateNonce() string {	Pending		
portal.go	1123	func (portal *Portal) getEvent(mxid id.EventID) (*event.Event, error) {	Pending		
portal.go	1140	func genThreadName(evt *event.Event) string {	Pending		
portal.go	1161	func (portal *Portal) startThreadFromMatrix(sender *User, threadRoot id.EventID) (string, error) {	Pending		
portal.go	1193	func (portal *Portal) sendErrorMessage(evt *event.Event, msgType, message string, confirmed bool) id.EventID {	Pending		
portal.go	1232	func errorToStatusReason(err error) (reason event.MessageStatusReason, status event.MessageStatus, isCertain, sendNotice bool, humanMessage string, checkpointError error) {	Pending		
portal.go	1283	func restErrorToStatusReason(msg *discordgo.APIErrorMessage) (reason event.MessageStatusReason, humanMessage string) {	Pending		
portal.go	1304	func (portal *Portal) sendStatusEvent(evtID id.EventID, err error) {	Pending		
portal.go	1339	func (portal *Portal) sendMessageMetrics(evt *event.Event, err error, part string) {	Pending		
portal.go	1388	func (br *DiscordBridge) serveMediaProxy(w http.ResponseWriter, r *http.Request) {	Pending		
portal.go	1431	func (br *DiscordBridge) hashMediaProxyURL(mxc id.ContentURI) (string, []byte) {	Pending		
portal.go	1438	func (br *DiscordBridge) makeMediaProxyURL(mxc id.ContentURI) string {	Pending		
portal.go	1446	func (portal *Portal) getRelayUserMeta(sender *User) (name, avatarURL string) {	Pending		
portal.go	1462	func cutBody(body string) string {	Pending		
portal.go	1482	func (portal *Portal) convertReplyMessageToEmbed(eventID id.EventID, url string) (*discordgo.MessageEmbed, error) {	Pending		
portal.go	1510	func (portal *Portal) RefererOpt(threadID string) discordgo.RequestOption {	Pending		
portal.go	1517	func (portal *Portal) RefererOptIfUser(sess *discordgo.Session, threadID string) []discordgo.RequestOption {	Pending		
portal.go	1524	func (portal *Portal) handleMatrixMessage(sender *User, evt *event.Event) {	Pending		
portal.go	1755	func parseAllowedLinkPreviews(raw map[string]any) []string {	Pending		
portal.go	1777	func (portal *Portal) sendDeliveryReceipt(eventID id.EventID) {	Pending		
portal.go	1788	func (portal *Portal) HandleMatrixLeave(brSender bridge.User) {	Pending		
portal.go	1799	func (portal *Portal) HandleMatrixKick(brSender bridge.User, brTarget bridge.Ghost)   {}	Pending		
portal.go	1800	func (portal *Portal) HandleMatrixInvite(brSender bridge.User, brTarget bridge.Ghost) {}	Pending		
portal.go	1802	func (portal *Portal) Delete() {	Pending		
portal.go	1812	func (portal *Portal) cleanupIfEmpty() {	Pending		
portal.go	1830	func (portal *Portal) RemoveMXID() {	Pending		
portal.go	1853	func (portal *Portal) cleanup(puppetsOnly bool) {	Pending		
portal.go	1877	func (br *DiscordBridge) cleanupRoom(intent *appservice.IntentAPI, mxid id.RoomID, puppetsOnly bool, log zerolog.Logger) {	Pending		
portal.go	1909	func (portal *Portal) getMatrixUsers() ([]id.UserID, error) {	Pending		
portal.go	1926	func (portal *Portal) handleMatrixReaction(sender *User, evt *event.Event) {	Pending		
portal.go	2006	func (portal *Portal) handleDiscordReaction(user *User, reaction *discordgo.MessageReaction, add bool, thread *Thread, member *discordgo.Member) {	Pending		
portal.go	2110	func (portal *Portal) handleMatrixRedaction(sender *User, evt *event.Event) {	Pending		
portal.go	2160	func (portal *Portal) HandleMatrixReadReceipt(brUser bridge.User, eventID id.EventID, receipt event.ReadReceipt) {	Pending		
portal.go	2229	func typingDiff(prev, new []id.UserID) (started []id.UserID) {	Pending		
portal.go	2242	func (portal *Portal) HandleMatrixTyping(newTyping []id.UserID) {	Pending		
portal.go	2265	func (portal *Portal) UpdateName(meta *discordgo.Channel) bool {	Pending		
portal.go	2284	func (portal *Portal) UpdateNameDirect(name string, isFriendNick bool) bool {	Pending		
portal.go	2300	func (portal *Portal) updateRoomName() {	Pending		
portal.go	2311	func (portal *Portal) UpdateAvatarFromPuppet(puppet *Puppet) bool {	Pending		
portal.go	2326	func (portal *Portal) UpdateGroupDMAvatar(iconID string) bool {	Pending		
portal.go	2352	func (portal *Portal) updateRoomAvatar() {	Pending		
portal.go	2364	func (portal *Portal) UpdateTopic(topic string) bool {	Pending		
portal.go	2378	func (portal *Portal) updateRoomTopic() {	Pending		
portal.go	2389	func (portal *Portal) removeFromSpace() {	Pending		
portal.go	2407	func (portal *Portal) addToSpace(mxid id.RoomID) bool {	Pending		
portal.go	2437	func (portal *Portal) UpdateParent(parentID string) bool {	Pending		
portal.go	2454	func (portal *Portal) ExpectedSpaceID() id.RoomID {	Pending		
portal.go	2463	func (portal *Portal) updateSpace(source *User) bool {	Pending		
portal.go	2483	func (portal *Portal) UpdateInfo(source *User, meta *discordgo.Channel) *discordgo.Channel {	Pending		
portal.go	2575	func (br *DiscordBridge) HandleTombstone(evt *event.Event) {	Pending		
database/database.go	28	func New(baseDB *dbutil.Database, log maulogger.Logger) *Database {	Implemented	src/database/database.nim	DB bootstrap/open/close and migration bootstrap implemented
database/database.go	70	func strPtr[T ~string](val T) *string {	Implemented	src/database/database.nim	DB bootstrap/open/close and migration bootstrap implemented
database/json.go	11	func JSONPtr[T any](val *T) dbutil.JSON {	Implemented	src/database/json_compat.nim:jsonPtr	Generic JSON pointer wrapper preserves nil payloads as nil
database/json.go	15	func UntypedNil[T any](val *T) any {	Implemented	src/database/json_compat.nim:untypedNil	Typed nil normalization helper implemented
database/user.go	17	func (uq *UserQuery) New() *User {	Implemented	src/database/store.nim	SQLite-backed query parity implemented in store layer
database/user.go	24	func (uq *UserQuery) GetByMXID(userID id.UserID) *User {	Implemented	src/database/store.nim	SQLite-backed query parity implemented in store layer
database/user.go	29	func (uq *UserQuery) GetByID(id string) *User {	Implemented	src/database/store.nim	SQLite-backed query parity implemented in store layer
database/user.go	34	func (uq *UserQuery) GetAllWithToken() []*User {	Implemented	src/database/store.nim	SQLite-backed query parity implemented in store layer
database/user.go	69	func (u *User) Scan(row dbutil.Scannable) *User {	Implemented	src/database/store.nim	SQLite-backed query parity implemented in store layer
database/user.go	87	func (u *User) Insert() {	Implemented	src/database/store.nim	SQLite-backed query parity implemented in store layer
database/user.go	96	func (u *User) Update() {	Implemented	src/database/store.nim	SQLite-backed query parity implemented in store layer
database/message.go	24	func (mq *MessageQuery) New() *Message {	Implemented	src/database/store.nim	SQLite-backed query parity implemented in store layer
database/message.go	31	func (mq *MessageQuery) scanAll(rows dbutil.Rows, err error) []*Message {	Implemented	src/database/store.nim	SQLite-backed query parity implemented in store layer
database/message.go	47	func (mq *MessageQuery) GetByDiscordID(key PortalKey, discordID string) []*Message {	Implemented	src/database/store.nim	SQLite-backed query parity implemented in store layer
database/message.go	52	func (mq *MessageQuery) GetFirstByDiscordID(key PortalKey, discordID string) *Message {	Implemented	src/database/store.nim	SQLite-backed query parity implemented in store layer
database/message.go	57	func (mq *MessageQuery) GetLastByDiscordID(key PortalKey, discordID string) *Message {	Implemented	src/database/store.nim	SQLite-backed query parity implemented in store layer
database/message.go	62	func (mq *MessageQuery) GetClosestBefore(key PortalKey, threadID string, ts time.Time) *Message {	Implemented	src/database/store.nim	SQLite-backed query parity implemented in store layer
database/message.go	67	func (mq *MessageQuery) GetLastInThread(key PortalKey, threadID string) *Message {	Implemented	src/database/store.nim	SQLite-backed query parity implemented in store layer
database/message.go	72	func (mq *MessageQuery) GetLast(key PortalKey) *Message {	Implemented	src/database/store.nim	SQLite-backed query parity implemented in store layer
database/message.go	77	func (mq *MessageQuery) DeleteAll(key PortalKey) {	Implemented	src/database/store.nim	SQLite-backed query parity implemented in store layer
database/message.go	86	func (mq *MessageQuery) GetByMXID(key PortalKey, mxid id.EventID) *Message {	Implemented	src/database/store.nim	SQLite-backed query parity implemented in store layer
database/message.go	97	func (mq *MessageQuery) MassInsert(key PortalKey, msgs []Message) {	Implemented	src/database/store.nim	SQLite-backed query parity implemented in store layer
database/message.go	144	func (m *Message) DiscordProtoChannelID() string {	Implemented	src/database/store.nim	SQLite-backed query parity implemented in store layer
database/message.go	152	func (m *Message) Scan(row dbutil.Scannable) *Message {	Implemented	src/database/store.nim	SQLite-backed query parity implemented in store layer
database/message.go	189	func (m *Message) editTimestampVal() int64 {	Implemented	src/database/store.nim	SQLite-backed query parity implemented in store layer
database/message.go	196	func (m *Message) MassInsertParts(msgs []MessagePart) {	Implemented	src/database/store.nim	SQLite-backed query parity implemented in store layer
database/message.go	226	func (m *Message) Insert() {	Implemented	src/database/store.nim	SQLite-backed query parity implemented in store layer
database/message.go	243	func (m *Message) UpdateEditTimestamp(ts time.Time) {	Implemented	src/database/store.nim	SQLite-backed query parity implemented in store layer
database/message.go	251	func (m *Message) Delete() {	Implemented	src/database/store.nim	SQLite-backed query parity implemented in store layer
database/guild.go	29	func ParseGuildBridgingMode(str string) GuildBridgingMode {	Implemented	src/database/store.nim	SQLite-backed query parity implemented in store layer
database/guild.go	47	func (gbm GuildBridgingMode) String() string {	Implemented	src/database/store.nim	SQLite-backed query parity implemented in store layer
database/guild.go	62	func (gbm GuildBridgingMode) Description() string {	Implemented	src/database/store.nim	SQLite-backed query parity implemented in store layer
database/guild.go	86	func (gq *GuildQuery) New() *Guild {	Implemented	src/database/store.nim	SQLite-backed query parity implemented in store layer
database/guild.go	93	func (gq *GuildQuery) GetByID(dcid string) *Guild {	Implemented	src/database/store.nim	SQLite-backed query parity implemented in store layer
database/guild.go	98	func (gq *GuildQuery) GetByMXID(mxid id.RoomID) *Guild {	Implemented	src/database/store.nim	SQLite-backed query parity implemented in store layer
database/guild.go	103	func (gq *GuildQuery) GetAll() []*Guild {	Implemented	src/database/store.nim	SQLite-backed query parity implemented in store layer
database/guild.go	137	func (g *Guild) Scan(row dbutil.Scannable) *Guild {	Implemented	src/database/store.nim	SQLite-backed query parity implemented in store layer
database/guild.go	157	func (g *Guild) mxidPtr() *id.RoomID {	Implemented	src/database/store.nim	SQLite-backed query parity implemented in store layer
database/guild.go	164	func (g *Guild) Insert() {	Implemented	src/database/store.nim	SQLite-backed query parity implemented in store layer
database/guild.go	176	func (g *Guild) Update() {	Implemented	src/database/store.nim	SQLite-backed query parity implemented in store layer
database/guild.go	188	func (g *Guild) Delete() {	Implemented	src/database/store.nim	SQLite-backed query parity implemented in store layer
database/thread.go	21	func (tq *ThreadQuery) New() *Thread {	Implemented	src/database/store.nim	SQLite-backed query parity implemented in store layer
database/thread.go	28	func (tq *ThreadQuery) GetByDiscordID(discordID string) *Thread {	Implemented	src/database/store.nim	SQLite-backed query parity implemented in store layer
database/thread.go	39	func (tq *ThreadQuery) GetByMatrixRootMsg(mxid id.EventID) *Thread {	Implemented	src/database/store.nim	SQLite-backed query parity implemented in store layer
database/thread.go	50	func (tq *ThreadQuery) GetByMatrixRootOrCreationNoticeMsg(mxid id.EventID) *Thread {	Implemented	src/database/store.nim	SQLite-backed query parity implemented in store layer
database/thread.go	74	func (t *Thread) Scan(row dbutil.Scannable) *Thread {	Implemented	src/database/store.nim	SQLite-backed query parity implemented in store layer
database/thread.go	86	func (t *Thread) Insert() {	Implemented	src/database/store.nim	SQLite-backed query parity implemented in store layer
database/thread.go	95	func (t *Thread) Update() {	Implemented	src/database/store.nim	SQLite-backed query parity implemented in store layer
database/thread.go	104	func (t *Thread) Delete() {	Implemented	src/database/store.nim	SQLite-backed query parity implemented in store layer
database/role.go	30	func (rq *RoleQuery) New() *Role {	Implemented	src/database/store.nim	SQLite-backed query parity implemented in store layer
database/role.go	37	func (rq *RoleQuery) GetByID(guildID, dcid string) *Role {	Implemented	src/database/store.nim	SQLite-backed query parity implemented in store layer
database/role.go	42	func (rq *RoleQuery) DeleteByID(guildID, dcid string) {	Implemented	src/database/store.nim	SQLite-backed query parity implemented in store layer
database/role.go	50	func (rq *RoleQuery) GetAll(guildID string) []*Role {	Implemented	src/database/store.nim	SQLite-backed query parity implemented in store layer
database/role.go	77	func (r *Role) Scan(row dbutil.Scannable) *Role {	Implemented	src/database/store.nim	SQLite-backed query parity implemented in store layer
database/role.go	92	func (r *Role) Upsert(txn dbutil.Execable) {	Implemented	src/database/store.nim	SQLite-backed query parity implemented in store layer
database/role.go	103	func (r *Role) Delete(txn dbutil.Execable) {	Implemented	src/database/store.nim	SQLite-backed query parity implemented in store layer
database/reaction.go	21	func (rq *ReactionQuery) New() *Reaction {	Implemented	src/database/store.nim:newReactionRecord	New reaction record constructor implemented
database/reaction.go	28	func (rq *ReactionQuery) GetAllForMessage(key PortalKey, discordMessageID string) []*Reaction {	Implemented	src/database/store.nim:getAllReactionsForMessage	Fetch all reactions for message key implemented
database/reaction.go	34	func (rq *ReactionQuery) getAll(query string, args ...interface{}) []*Reaction {	Equivalent-Noop	src/database/store.nim:getAllReactionsForMessage	Internal raw-query helper collapsed into typed store methods
database/reaction.go	48	func (rq *ReactionQuery) GetByDiscordID(key PortalKey, msgID, sender, emojiName string) *Reaction {	Implemented	src/database/store.nim:getReactionByDiscordID	Lookup by Discord composite key implemented
database/reaction.go	54	func (rq *ReactionQuery) GetByMXID(mxid id.EventID) *Reaction {	Implemented	src/database/store.nim:getReactionByMXID	Lookup by Matrix event ID implemented
database/reaction.go	60	func (rq *ReactionQuery) get(query string, args ...interface{}) *Reaction {	Equivalent-Noop	src/database/store.nim:getReactionByDiscordID,getReactionByMXID	Internal raw-query helper collapsed into typed lookup methods
database/reaction.go	84	func (r *Reaction) Scan(row dbutil.Scannable) *Reaction {	Implemented	src/database/store.nim:parseReactionRow	Row-to-record scan parser implemented
database/reaction.go	97	func (r *Reaction) DiscordProtoChannelID() string {	Implemented	src/database/entities.nim:discordProtoChannelID	Returns thread ID when present, else channel ID
database/reaction.go	105	func (r *Reaction) Insert() {	Implemented	src/database/store.nim:insertReaction	Reaction insert implemented
database/reaction.go	117	func (r *Reaction) Delete() {	Implemented	src/database/store.nim:deleteReaction	Reaction delete implemented
database/file.go	29	func (fq *FileQuery) New() *File {	Implemented	src/database/store.nim	SQLite-backed query parity implemented in store layer
database/file.go	36	func (fq *FileQuery) Get(url string, encrypted bool) *File {	Implemented	src/database/store.nim	SQLite-backed query parity implemented in store layer
database/file.go	41	func (fq *FileQuery) GetEmojiByMXC(mxc id.ContentURI) *File {	Implemented	src/database/store.nim	SQLite-backed query parity implemented in store layer
database/file.go	66	func (f *File) Scan(row dbutil.Scannable) *File {	Implemented	src/database/store.nim	SQLite-backed query parity implemented in store layer
database/file.go	99	func positiveIntToNullInt32(val int) (ptr sql.NullInt32) {	Implemented	src/database/store.nim	SQLite-backed query parity implemented in store layer
database/file.go	107	func (f *File) Insert(txn dbutil.Execable) {	Implemented	src/database/store.nim	SQLite-backed query parity implemented in store layer
database/file.go	132	func (f *File) Delete() {	Implemented	src/database/store.nim	SQLite-backed query parity implemented in store layer
database/portal.go	27	func NewPortalKey(channelID, receiver string) PortalKey {	Implemented	src/database/store.nim	SQLite-backed query parity implemented in store layer
database/portal.go	34	func (key PortalKey) String() string {	Implemented	src/database/store.nim	SQLite-backed query parity implemented in store layer
database/portal.go	46	func (pq *PortalQuery) New() *Portal {	Implemented	src/database/store.nim	SQLite-backed query parity implemented in store layer
database/portal.go	53	func (pq *PortalQuery) GetAll() []*Portal {	Implemented	src/database/store.nim	SQLite-backed query parity implemented in store layer
database/portal.go	57	func (pq *PortalQuery) GetAllInGuild(guildID string) []*Portal {	Implemented	src/database/store.nim	SQLite-backed query parity implemented in store layer
database/portal.go	61	func (pq *PortalQuery) GetByID(key PortalKey) *Portal {	Implemented	src/database/store.nim	SQLite-backed query parity implemented in store layer
database/portal.go	65	func (pq *PortalQuery) GetByMXID(mxid id.RoomID) *Portal {	Implemented	src/database/store.nim	SQLite-backed query parity implemented in store layer
database/portal.go	69	func (pq *PortalQuery) FindPrivateChatBetween(id, receiver string) *Portal {	Implemented	src/database/store.nim	SQLite-backed query parity implemented in store layer
database/portal.go	73	func (pq *PortalQuery) FindPrivateChatsWith(id string) []*Portal {	Implemented	src/database/store.nim	SQLite-backed query parity implemented in store layer
database/portal.go	77	func (pq *PortalQuery) FindPrivateChatsOf(receiver string) []*Portal {	Implemented	src/database/store.nim	SQLite-backed query parity implemented in store layer
database/portal.go	83	func (pq *PortalQuery) getAll(query string, args ...interface{}) []*Portal {	Implemented	src/database/store.nim	SQLite-backed query parity implemented in store layer
database/portal.go	98	func (pq *PortalQuery) get(query string, args ...interface{}) *Portal {	Implemented	src/database/store.nim	SQLite-backed query parity implemented in store layer
database/portal.go	132	func (p *Portal) Scan(row dbutil.Scannable) *Portal {	Implemented	src/database/store.nim	SQLite-backed query parity implemented in store layer
database/portal.go	163	func (p *Portal) Insert() {	Implemented	src/database/store.nim	SQLite-backed query parity implemented in store layer
database/portal.go	181	func (p *Portal) Update() {	Implemented	src/database/store.nim	SQLite-backed query parity implemented in store layer
database/portal.go	203	func (p *Portal) Delete() {	Implemented	src/database/store.nim	SQLite-backed query parity implemented in store layer
database/userportal.go	26	func (up UserPortal) Scan(l log.Logger, row dbutil.Scannable) *UserPortal {	Implemented	src/database/store.nim	SQLite-backed query parity implemented in store layer
database/userportal.go	37	func (u *User) scanUserPortals(rows dbutil.Rows) []UserPortal {	Implemented	src/database/store.nim	SQLite-backed query parity implemented in store layer
database/userportal.go	48	func (db *Database) GetUsersInPortal(channelID string) []id.UserID {	Implemented	src/database/store.nim	SQLite-backed query parity implemented in store layer
database/userportal.go	66	func (u *User) GetPortals() []UserPortal {	Implemented	src/database/store.nim	SQLite-backed query parity implemented in store layer
database/userportal.go	75	func (u *User) IsInSpace(discordID string) (isIn bool) {	Implemented	src/database/store.nim	SQLite-backed query parity implemented in store layer
database/userportal.go	85	func (u *User) IsInPortal(discordID string) (isIn bool) {	Implemented	src/database/store.nim	SQLite-backed query parity implemented in store layer
database/userportal.go	95	func (u *User) MarkInPortal(portal UserPortal) {	Implemented	src/database/store.nim	SQLite-backed query parity implemented in store layer
database/userportal.go	109	func (u *User) MarkNotInPortal(discordID string) {	Implemented	src/database/store.nim	SQLite-backed query parity implemented in store layer
database/userportal.go	118	func (u *User) PortalHasOtherUsers(discordID string) (hasOtherUsers bool) {	Implemented	src/database/store.nim	SQLite-backed query parity implemented in store layer
database/userportal.go	128	func (u *User) PrunePortalList(beforeTS time.Time) []UserPortal {	Implemented	src/database/store.nim	SQLite-backed query parity implemented in store layer
database/puppet.go	22	func (pq *PuppetQuery) New() *Puppet {	Implemented	src/database/store.nim	SQLite-backed query parity implemented in store layer
database/puppet.go	29	func (pq *PuppetQuery) Get(id string) *Puppet {	Implemented	src/database/store.nim	SQLite-backed query parity implemented in store layer
database/puppet.go	33	func (pq *PuppetQuery) GetByCustomMXID(mxid id.UserID) *Puppet {	Implemented	src/database/store.nim	SQLite-backed query parity implemented in store layer
database/puppet.go	37	func (pq *PuppetQuery) get(query string, args ...interface{}) *Puppet {	Implemented	src/database/store.nim	SQLite-backed query parity implemented in store layer
database/puppet.go	41	func (pq *PuppetQuery) GetAll() []*Puppet {	Implemented	src/database/store.nim	SQLite-backed query parity implemented in store layer
database/puppet.go	45	func (pq *PuppetQuery) GetAllWithCustomMXID() []*Puppet {	Implemented	src/database/store.nim	SQLite-backed query parity implemented in store layer
database/puppet.go	49	func (pq *PuppetQuery) getAll(query string, args ...interface{}) []*Puppet {	Implemented	src/database/store.nim	SQLite-backed query parity implemented in store layer
database/puppet.go	89	func (p *Puppet) Scan(row dbutil.Scannable) *Puppet {	Implemented	src/database/store.nim	SQLite-backed query parity implemented in store layer
database/puppet.go	113	func (p *Puppet) Insert() {	Implemented	src/database/store.nim	SQLite-backed query parity implemented in store layer
database/puppet.go	132	func (p *Puppet) Update() {	Implemented	src/database/store.nim	SQLite-backed query parity implemented in store layer
database/upgrades/upgrades.go	30	func init() {	Equivalent-Noop	src/database/migrations.nim:loadUpgradeScripts	Nim loads SQL upgrades from disk at runtime; no static embed/register init hook is required.
